{
  "baseline": {
    "mean": 0.864516129032258,
    "ci_lo": 0.8,
    "ci_hi": 0.9225806451612903,
    "n": 155,
    "tokens": 0
  },
  "L1": {
    "mean": 0.8709677419354839,
    "ci_lo": 0.8,
    "ci_hi": 0.9354838709677419,
    "n": 155,
    "tokens": 50
  },
  "L2": {
    "mean": 0.896774193548387,
    "ci_lo": 0.8387096774193549,
    "ci_hi": 0.9548387096774194,
    "n": 155,
    "tokens": 200
  },
  "L3": {
    "mean": 0.9548387096774194,
    "ci_lo": 0.8870967741935484,
    "ci_hi": 1.0193548387096774,
    "n": 155,
    "tokens": 500
  },
  "L4": {
    "mean": 1.0064516129032257,
    "ci_lo": 0.9483870967741935,
    "ci_hi": 1.064516129032258,
    "n": 155,
    "tokens": 1500
  },
  "L5": {
    "mean": 1.0258064516129033,
    "ci_lo": 0.9483870967741935,
    "ci_hi": 1.1096774193548387,
    "n": 155,
    "tokens": 3000
  }
}