{
    "results": {
        "tool": {
            "name": "pytest",
            "version": "8.4.1"
        },
        "summary": {
            "tests": 2,
            "passed": 2,
            "failed": 0,
            "skipped": 0,
            "pending": 0,
            "other": 0,
            "start": 1774938775.8530366,
            "stop": 1774938775.8791244
        },
        "tests": [
            {
                "name": "test_outputs.py::TestOutputs::test_file_exists",
                "status": "passed",
                "duration": 0.0010076240005219006,
                "start": 1774938775.8625977,
                "stop": 1774938775.8654356,
                "retries": 0,
                "file_path": "test_outputs.py"
            },
            {
                "name": "test_outputs.py::TestOutputs::test_values_correct",
                "status": "passed",
                "duration": 0.012905915999908757,
                "start": 1774938775.8657348,
                "stop": 1774938775.8790288,
                "retries": 0,
                "file_path": "test_outputs.py"
            }
        ]
    }
}